French,English
histoire,history
chercher,search
seulement,only
police,police
pensais,thought
aide,help
demande,request
genre,kind
mois,month
frÃ¨re,brother
laisser,let
car,because
laisse,leash
eux,them
ville,city
parlÃ©,speak
arrivÃ©,come
devrait,should
longtemps,long time
heures,hours
vont,will
pendant,while
revoir,meet again
aucune,any
parle,speak
compris,understood
savais,knew
Ã©taient,were
attention,Warning
voici,here is
pourrais,could
affaire,case
donner,give
type,type
leurs,their
donnÃ©,given
train,train
corps,body
endroit,place
faÃ§on,way
Ã©coute,listen
dont,whose
trouve,find
premier,first
main,hand
premiÃ¨re,first
cÃ´tÃ©,side
pouvoir,power
vieux,old
sois,be
tiens,here
tellement,so much
enfant,child
point,point
suite,after
pardon,sorry
venez,come
vers,towards
minutes,minutes
demandÃ©,request
chambre,bedroom
mis,placed
belle,beautiful
droit,law
aimerais,would like to
aujourd'hui,today
mari,husband
cause,cause
enfin,finally
espÃ¨re,hope
attendez,Wait
parti,left
nouvelle,new
boulot,job
arrÃªter,Stop
dirait,would say
terre,Earth
compte,account
donne,given
loin,far
croire,believe
chÃ©rie,sweetheart
plutÃ´t,rather
filles,girls
jouer,to play
bureau,office
